hw(rs1),HW
15,6927
1,6927
15,6927
12,6927
9,6927
0,6927
3,6927
18,6927
8,6927
15,6927
11,6927
16,6927
7,6927
14,6927
14,6927
4,6927
10,6927
14,6927
12,6927
14,6927
16,6927
18,6927
15,6927
15,6927
7,6927
17,6927
14,6927
17,6927
17,6927
14,6927
3,6927
14,6927
16,6927
18,6927
14,6927
12,6927
3,6927
4,6927
0,6927
17,6927
14,6927
16,6927
9,6927
14,6927
1,6927
12,6927
11,6927
0,6927
16,6927
15,6927
15,6927
12,6927
13,6927
13,6927
18,6927
11,6927
11,6927
13,6927
13,6927
4,6927
13,6927
4,6927
12,6927
8,6927
15,6927
14,6927
16,6927
14,6927
14,6927
7,6927
20,6927
11,6927
17,6927
14,6927
13,6927
16,6927
9,6927
15,6927
14,6927
16,6927
4,6927
8,6927
15,6927
7,6927
15,6927
8,6927
4,6927
15,6927
4,6927
0,6927
17,6927
14,6927
16,6927
4,6927
17,6927
15,6927
14,6927
13,6927
6,6927
10,6927
13,6927
18,6927
7,6927
6,6927
7,6927
4,6927
1,6927
17,6927
10,6927
14,6927
4,6927
15,6927
13,6927
7,6927
9,6927
14,8252
8,6927
12,6927
5,6927
13,6927
14,6927
11,7195
12,6927
5,6927
10,6927
15,6927
0,6927
6,6927
3,6927
12,7415
10,6927
3,6927
14,6927
18,6927
9,6927
16,6927
14,6927
16,6927
1,6927
0,6927
14,6927
16,6927
15,6927
13,6927
14,6927
15,6927
10,6927
16,6927
9,6927
12,6927
19,7461
1,6927
15,6927
18,6927
17,6927
4,6927
9,6927
2,6927
16,6927
16,7669
1,6927
17,6927
2,6927
11,6927
1,6927
18,6927
8,6927
15,6927
15,6927
16,6927
15,6927
19,6927
16,6927
15,6927
18,6927
8,6927
7,6927
19,6927
13,6927
1,6927
13,7058
16,6927
13,6927
15,6927
13,6927
10,6927
13,6927
13,6927
18,6927
0,6927
12,6927
15,6927
12,6927
10,6927
15,6927
11,6927
10,6927
8,6927
15,6927
6,6927
17,6927
6,6927
3,6927
16,6927
13,6927
16,6927
6,6927
5,6927
2,6927
16,6927
18,6927
7,6927
14,6927
17,7346
14,6927
1,6927
1,6927
10,6927
18,6927
9,6927
18,6927
13,6927
15,6927
17,6927
15,6927
8,6927
10,6927
5,6927
4,6927
2,6927
13,7331
16,7152
7,6927
11,6927
9,6927
12,7207
0,6927
0,6927
14,6927
13,6927
0,6927
2,6927
0,6927
1,6927
2,6927
2,6927
15,6927
18,7001
18,6959
1,6927
2,8230
15,6927
13,6927
14,6927
14,6927
15,6927
18,6927
2,6927
15,7611
18,6927
15,6927
5,6927
0,6927
5,6927
14,6927
10,6927
5,6927
14,6927
14,6927
13,6927
6,6927
5,6927
10,6927
9,6927
1,6927
16,6927
17,6927
2,7414
15,6927
17,6927
8,6927
8,6927
0,6927
13,6927
11,6927
16,6927
16,6927
2,6927
12,6927
12,6927
14,6927
6,6927
14,6927
9,6927
13,6927
6,6927
12,6927
12,7775
18,7137
18,6927
14,6927
18,6927
17,6927
6,6927
15,6927
3,6927
13,6927
12,6927
0,6927
15,6927
1,6927
3,6927
5,6927
3,8387
13,6927
11,6927
16,6927
3,6927
13,6927
12,6927
4,6927
19,6927
14,6927
2,6927
10,6927
17,6927
15,6927
7,6927
13,6927
2,6927
11,6927
13,6927
6,6927
15,6953
14,6927
12,6927
16,6927
18,6927
15,6927
15,6927
8,6927
11,6927
14,6927
5,6927
17,6927
8,6927
3,6927
14,6927
12,6927
14,6927
10,6927
0,6927
11,6927
10,6927
13,6927
5,7022
15,6927
8,6927
17,6927
9,6927
12,6927
2,6927
11,7335
14,6927
13,6927
14,6927
17,6927
13,6927
12,6927
12,6927
16,6927
6,6927
18,6927
3,6927
4,6927
8,6927
17,6927
5,6927
10,6927
14,6927
15,6927
12,6927
16,6927
6,6927
6,6927
6,6927
15,6927
17,6927
5,6927
9,6927
10,6927
9,6927
9,6927
3,6927
16,6927
13,7360
14,6927
13,6927
1,6927
7,6927
6,6927
0,6927
14,6927
9,6927
17,6927
6,6927
4,6927
17,6927
7,6927
14,6927
3,6927
3,6927
15,6927
11,6927
6,6927
16,6927
16,6927
15,6927
14,6927
14,6927
11,6927
6,6927
16,6927
15,6927
14,6927
15,6927
14,6927
15,6927
11,6927
16,6927
9,6927
8,6927
11,6927
13,6927
17,6927
4,6927
18,6927
6,6927
1,6927
13,6927
16,6927
13,6927
8,6927
15,6927
13,6927
6,6927
16,6927
1,6927
13,6927
6,6927
13,6927
12,6927
3,6927
15,6927
14,6927
20,6927
11,6927
0,6927
19,6927
12,6927
18,6927
15,6927
17,6927
17,6927
15,6927
0,6927
15,6927
13,6927
16,6927
15,6927
18,6927
10,6927
5,6927
8,6927
9,6927
0,6927
20,6927
8,6927
10,6927
9,6927
14,7324
19,6927
14,6927
1,6927
8,6927
6,6927
17,7428
0,6927
1,6927
1,6927
12,6927
15,6927
14,6927
16,6927
10,6927
12,6927
17,6927
3,6927
4,6927
6,6927
5,6927
6,6927
15,6927
11,6927
12,6927
9,6927
15,6927
16,6927
9,6927
14,6927
7,6927
1,6927
14,7297
4,6927
17,6927
19,6927
6,6927
18,6927
0,6927
10,6927
13,6927
10,6927
10,6927
6,6927
6,6927
15,6927
16,6927
14,7501
4,6927
2,6927
14,6927
13,6927
8,6927
4,6927
13,6927
13,6927
10,6927
13,6927
8,6927
9,6927
15,6927
1,6927
15,6927
15,6927
9,6927
13,6927
14,6927
14,6927
6,6927
16,6927
4,6927
19,6927
16,6927
8,6927
7,6927
9,6927
17,6927
11,6927
16,6927
5,6927
2,6927
4,6927
11,6927
15,6927
14,6927
5,6927
17,6927
14,6927
10,7066
15,6927
2,6927
9,6927
15,6927
15,6927
2,6927
8,6927
5,6927
4,6927
15,6927
4,6927
10,6927
17,6927
5,6927
1,6927
8,6927
6,6927
13,6927
16,6927
14,6927
7,6927
7,6927
4,6927
13,6927
13,6927
1,6927
16,6927
8,6927
14,7061
1,6927
5,6927
1,6927
19,6927
5,6927
14,6927
11,6927
3,6927
11,6927
11,6927
6,6927
5,6927
0,6927
18,6927
12,6927
17,6927
8,6927
15,7593
8,6927
7,6927
6,6927
13,6927
11,6927
15,7277
14,6927
11,6927
16,6927
16,6927
1,6927
14,6927
4,6927
11,7265
8,6927
12,6927
7,6927
12,7885
9,6927
8,6927
3,6927
12,6927
14,6927
11,6927
16,6927
9,6927
12,6927
8,6927
3,6927
5,6927
10,6927
18,6927
15,6927
15,6927
16,6927
15,6927
9,6927
15,6927
3,6927
7,6927
9,6927
11,7105
4,6927
15,6927
16,6927
15,6927
14,6927
10,6927
14,6927
8,6927
16,6927
0,6927
16,6927
12,6927
9,6927
16,6927
15,6927
3,6927
14,6927
1,6927
17,6927
17,6927
18,6927
0,6927
9,6927
11,6927
10,6927
11,6927
17,6927
14,8528
0,6927
15,6927
2,6927
9,6927
14,6927
18,6927
11,6927
10,6927
14,6927
16,6927
13,6927
11,6927
14,6927
5,6927
7,6927
19,6927
0,6927
13,7230
9,6927
4,6927
18,6927
13,6927
11,6927
12,6927
15,6927
13,6927
16,6927
0,6927
0,6927
15,6927
5,6927
11,6927
6,6927
18,6927
16,6927
12,6927
17,6927
11,6927
15,6927
12,7611
0,6927
14,6927
9,6927
8,6927
7,7105
12,6927
6,6927
9,6927
14,6927
6,6927
14,6927
18,6927
4,6958
10,6927
16,6927
0,6927
9,7703
2,6927
3,6927
4,6927
8,6927
11,6927
8,6927
16,6927
16,6927
17,6927
9,6927
14,6927
7,6927
6,6927
15,6927
7,6927
6,6927
9,6927
16,6927
16,6927
13,6927
5,6927
21,6927
10,6927
9,6927
11,6927
5,6927
7,6927
9,6927
0,6927
12,6927
13,6927
12,6927
14,6927
4,6927
10,6927
12,6927
17,6927
6,6927
12,6927
14,6927
16,6927
12,6927
6,6927
16,6927
14,6927
4,6927
16,7328
1,6927
5,6927
1,6927
5,6927
9,6927
6,6927
15,6927
2,6927
7,6927
16,6927
16,7116
17,6927
1,6927
7,6927
2,6927
13,6927
15,6927
10,6927
11,6927
17,6927
15,6927
12,6927
13,6927
11,6927
4,6927
11,6927
15,6927
9,6927
16,6927
18,6927
17,6927
14,6927
7,6927
14,6927
19,6927
10,6927
7,6927
16,6927
9,6927
20,6927
0,6927
10,6927
8,6927
5,6927
5,6927
3,6927
17,6927
12,7512
7,6927
8,6927
13,7155
14,6927
12,6927
7,6927
9,6927
18,6927
14,7416
1,6927
12,6927
15,6927
13,6927
9,6927
15,6927
17,6927
16,6927
5,6927
15,6927
8,6927
0,6927
12,6927
9,6927
15,6927
18,6927
11,6927
11,6927
12,6927
14,6927
14,6927
12,6927
1,6927
6,9461
0,6927
17,6927
11,6927
17,6927
2,6927
10,6927
16,7142
16,6927
7,6927
14,6927
3,6927
14,6927
11,6927
2,6927
16,6927
17,6927
9,6927
5,6927
2,6927
3,6927
13,6927
13,6927
13,6927
20,6927
0,6927
4,6927
7,6927
11,6927
2,6927
14,6927
8,6927
4,6927
17,6927
15,6927
15,6927
8,6927
15,6927
11,6927
13,6927
16,6927
7,6927
0,6927
17,6927
5,6927
14,6927
4,6927
3,6927
10,6927
10,6927
3,6927
9,6927
10,6927
17,6927
17,6927
12,6927
0,6927
16,8325
11,6927
7,6927
16,6927
1,6927
13,6927
15,6927
17,6927
17,6927
16,6927
15,6927
9,6927
5,6927
13,6927
7,6927
14,6927
14,6927
16,6927
7,6927
3,6927
3,6927
17,6927
16,6927
13,6927
14,6927
1,6927
9,6927
3,6927
9,6927
16,6927
13,6927
6,6927
1,6927
20,6927
4,6927
4,6927
11,6927
10,6927
11,6927
0,6927
15,6927
16,6927
1,6927
8,6927
12,6927
14,6927
6,6927
18,6927
17,6927
1,6927
0,6927
9,6927
9,6927
10,6927
18,6927
11,6927
10,6927
0,6927
7,6927
15,6927
11,6927
6,6927
3,6927
13,6927
18,6927
16,6927
11,6927
12,6927
14,6927
15,6927
2,6927
9,6927
11,6927
15,6927
15,6927
15,6927
9,6927
11,6927
15,6972
15,6927
16,6927
1,6927
17,6927
6,6927
10,6927
16,6927
17,6927
16,6927
14,6927
1,6927
7,6927
17,6963
15,7382
11,6927
6,6927
15,6927
11,6927
14,6927
7,6927
10,6927
1,6927
13,6927
2,6927
7,6927
0,6927
3,6927
11,6927
14,6927
15,6927
16,6927
17,6927
8,6927
11,6927
13,6927
14,6927
2,6927
16,6927
15,6927
6,6927
15,6927
0,6927
8,6927
0,6927
16,6927
16,6927
18,6927
12,6927
14,6927
9,6927
5,6927
1,6927
10,6927
15,6927
13,6927
16,6927
6,6927
14,6927
15,6927
13,6927
11,6927
0,6927
5,6927
12,6927
1,6927
8,6927
13,6927
15,6927
14,6927
18,6927
12,6927
6,6927
8,6927
17,6927
16,6927
2,6927
9,6927
7,6927
12,6927
15,6927
10,6927
3,6927
10,6927
14,6927
13,6927
5,6927
9,6927
10,6927
8,6927
14,6927
10,6927
1,6927
16,6927
14,6927
16,6927
0,6927
7,6927
16,6927
15,6927
2,6927
2,6927
13,6927
7,6927
18,6927
17,7503
14,6927
8,6927
17,6927
17,6927
9,6927
18,6927
15,6927
14,6927
17,6927
15,6927
14,6927
18,6927
11,6927
2,6927
13,7447
8,6927
17,6927
16,6927
4,6927
12,6927
15,6927
17,6927
3,6927
17,6927
16,6927
8,6927
16,6927
2,6927
8,6927
13,6927
9,6927
14,6927
2,6927
16,6927
12,6927
6,6927
2,6927
1,6927
13,6927
8,6927
6,6927
18,6927
17,6927
6,6927
16,6927
15,6927
9,6927
9,6927
15,6927
8,6927
4,6927
17,6927
8,6927
13,6927
15,6927
12,6927
10,6927
19,6927
16,6927
13,6927
17,6927
10,6927
7,6927
7,6927
7,6927
2,6927
17,6927
10,6927
17,6927
5,6927
16,7322
2,6927
4,6927
3,6927
10,6927
15,6927
5,6927
6,6927
0,6927
16,6927
9,6963
1,6927
6,6927
13,6927
8,6927
20,6927
3,6927
19,6927
12,7688
1,6927
11,6927
13,6927
6,6927
18,6927
9,6927
17,6927
17,6927
1,6927
10,6927
16,6927
3,6927
11,6927
17,6927
13,6927
0,6927
9,6927
7,6927
12,6927
0,6927
14,6927
8,6927
14,6927
14,6927
10,6927
16,6927
10,6927
15,6927
7,6927
14,6927
7,6927
2,6927
9,6927
6,6927
8,6927
9,6927
15,6927
15,6927
12,6927
13,7778
2,6927
7,6927
9,6927
12,6927
4,6927
3,6927
11,6927
13,6927
6,6927
9,6927
3,6927
1,6927
2,6927
7,6927
3,6927
12,6927
1,6927
10,6927
15,6927
15,6927
12,6927
9,6927
15,6927
8,6927
14,6927
16,6927
16,6927
14,7051
14,6927
16,6927
2,6927
11,6927
10,6927
10,7014
16,6927
10,6927
6,6927
15,6927
13,6927
6,6927
17,6927
12,6927
12,6927
5,6927
12,6927
16,6927
10,6927
11,6989
8,6927
5,6927
3,6927
16,7912
0,6927
3,6927
10,6927
4,6927
14,6927
12,6927
15,6927
13,6927
15,6927
8,6927
15,6927
14,6927
8,6927
12,6927
13,6927
4,6927
10,6927
10,6927
10,6927
12,6927
14,6927
3,6927
2,6927
13,6927
1,6927
15,6927
10,6927
13,6927
8,6927
8,6927
7,6927
11,6927
16,6927
12,7590
6,6927
9,6927
14,6927
9,6927
13,6927
8,6927
14,6927
15,6927
14,6927
0,6927
14,6927
14,6927
10,6927
6,6927
14,6927
11,6927
17,7300
11,6927
12,6927
16,6927
0,6927
13,6942
15,6927
19,6927
10,6927
16,6927
1,6927
16,6927
14,6927
4,6927
18,6927
15,6927
6,6927
4,6927
12,6927
8,6927
15,6927
15,6927
18,6927
15,6927
12,6927
14,6927
7,6927
17,6927
4,6927
5,6927
10,6927
12,6927
15,6927
14,7097
8,6927
11,6927
10,7345
7,6927
7,6927
11,6927
12,6927
15,6927
14,6927
16,6927
18,6927
19,6927
14,6927
0,6927
15,6927
16,6927
12,6927
9,6927
17,6927
11,6927
12,6927
10,6927
15,6927
11,6927
15,6927
8,6927
18,6927
5,6927
15,6927
17,6927
14,6927
17,6927
20,6927
12,6927
4,6927
15,6927
14,7329
17,6927
19,6927
10,6927
8,6927
11,6927
12,7215
15,6927
10,6927
14,6927
13,6927
16,6927
8,6927
13,6927
14,6927
20,6927
6,6927
10,6927
4,6927
13,6927
8,6927
4,6927
13,6927
16,6927
8,6927
10,6927
14,6927
11,6927
12,6927
7,6927
15,6927
1,6927
14,6927
16,6927
9,6927
15,6927
9,6927
14,6927
13,6927
12,6927
4,6927
14,6927
14,6927
16,6927
15,6927
14,6927
10,6927
6,6927
4,6927
15,6927
7,6927
14,6927
16,6927
4,6927
18,6927
14,6927
11,6927
0,6927
10,6927
14,6927
2,6927
16,7281
14,6927
11,6927
17,6927
1,6927
5,6927
6,6927
0,6927
8,6927
11,6927
2,6927
11,6927
8,6927
8,6927
13,6927
13,6927
10,6927
7,6927
16,6927
4,6927
14,6927
17,6927
9,6927
16,7139
9,6927
4,6927
16,6927
13,7980
0,6927
9,6927
14,6927
12,6927
15,6927
5,6927
15,6927
5,6927
12,6927
16,6927
16,6927
15,6927
16,6927
19,6927
12,6927
8,6927
0,6927
16,6927
17,6927
15,7258
16,6927
6,6927
17,6927
9,6927
14,6927
13,6927
16,6927
10,6927
14,6927
12,6927
7,6927
12,6927
6,6927
5,6927
6,6927
5,6927
9,7079
6,6927
14,6927
10,6927
5,6927
7,6927
15,6927
17,6927
9,6927
14,6927
10,6927
17,6927
17,6927
9,6927
6,6927
9,6927
2,6927
14,6927
16,7057
9,6927
18,6927
14,6927
13,6927
19,6927
16,6927
17,6927
16,6927
17,6927
0,6927
15,6927
1,6927
16,6927
14,6927
0,6927
15,6927
2,6927
10,6927
13,6927
11,6927
11,6927
15,6927
13,7108
7,6927
15,6927
15,6927
6,6927
8,6927
16,7664
1,6927
13,6927
15,6927
14,6927
15,6927
0,6927
13,7288
20,6927
6,6927
1,6927
6,6927
14,6927
1,6927
16,6927
1,6927
13,6927
5,6927
7,6927
9,6927
1,6927
16,6927
13,6927
20,6927
6,6927
13,6927
6,6927
15,6927
10,6927
16,6927
12,6927
18,6927
0,6927
6,6927
3,6927
7,6927
15,6927
7,6927
3,6927
3,6927
15,7631
12,6927
6,6927
15,6927
9,6927
15,6927
5,6927
16,6927
16,6927
11,6927
6,6927
12,6927
3,6927
17,6927
5,6927
1,6927
13,6927
7,6927
15,6927
11,6927
14,6927
4,6927
6,6927
2,6927
1,6927
13,7052
9,6927
9,6927
14,6927
17,6927
5,6927
13,6927
13,7450
13,6927
16,6927
12,6927
17,6927
8,6927
8,6927
8,6927
5,6927
13,6927
15,6927
3,6927
11,6927
15,6927
1,6927
16,6954
1,6927
7,6927
7,6927
16,6927
11,6927
7,6927
15,6927
17,6927
15,6927
13,6927
13,6927
2,6927
10,6927
9,9411
12,6927
0,6927
12,6927
11,6927
12,6927
10,6927
12,6927
15,6927
10,6927
10,6927
13,6927
15,6927
7,6927
15,6927
8,6927
15,6927
7,6927
15,6927
0,6927
17,6927
2,6927
18,6927
8,6927
12,6927
6,6927
2,6927
4,6927
7,6927
11,6927
17,7056
15,6927
0,6927
16,7210
5,7131
6,6927
11,6927
15,6927
3,6927
1,6927
15,6927
12,6927
0,6927
3,6927
15,6927
5,6927
12,6927
16,6927
17,6927
9,6927
12,6927
10,6927
1,6927
10,6927
14,6927
16,6927
2,6927
16,6927
9,7582
10,6927
7,6927
7,6927
14,6927
9,6927
13,6927
0,6927
11,6927
14,6927
10,6927
15,6927
16,6927
15,6927
12,6927
12,6927
11,6927
0,6927
13,6927
13,7111
14,6927
11,6927
14,7247
13,6927
8,6927
15,6927
9,6927
16,6927
13,6927
15,6927
12,6927
16,6927
10,6927
15,6927
0,6927
14,6927
13,6927
10,6927
9,6927
11,6927
17,6927
0,6927
1,6927
15,6927
3,6927
12,6927
11,7034
2,6927
15,6927
7,6927
10,6927
9,6927
11,6927
8,6927
16,6927
4,6927
5,6927
13,6927
14,6927
15,6927
15,6927
13,6927
10,6927
15,6927
12,6927
14,6927
8,6927
11,9202
13,6927
11,6927
14,6927
14,6927
17,6927
9,6927
13,6927
15,6927
14,6927
1,6927
16,6927
8,6927
14,6927
16,6927
9,7563
5,6927
4,6927
10,6927
3,6927
18,7093
14,6927
6,6927
14,6927
6,6927
1,6927
5,6927
14,6927
8,6927
9,6927
14,6927
7,6927
13,6927
16,6927
15,6927
11,6927
0,6927
10,6927
11,6927
14,6927
12,6927
11,6927
2,6927
14,6927
7,6927
14,6927
3,6927
9,6927
2,6927
16,6927
14,6927
7,6927
12,6927
14,6927
14,6927
17,6976
15,6927
14,6927
14,6927
1,6927
12,6927
9,6927
15,6927
2,6927
1,6927
7,6927
13,6927
19,6927
8,6927
5,6927
1,6927
2,6927
0,6927
15,6927
18,6927
1,6927
13,6927
10,6927
4,6927
7,6927
11,6927
14,6927
4,6927
16,6927
7,6927
11,6927
0,6927
9,6927
13,6927
10,6927
16,7194
19,6927
15,6927
1,6927
13,6927
10,6927
17,6927
3,6927
12,6927
2,6927
13,6927
17,6927
4,6927
11,6927
6,6927
15,6927
19,6927
18,6927
13,6927
11,6927
15,6927
13,6927
14,6927
15,6927
6,6927
13,6927
14,6927
16,6927
13,6927
6,6927
7,6927
15,6927
10,6927
14,6927
16,6927
14,6927
18,6927
10,6927
5,6927
8,6927
16,6927
12,6927
7,6927
12,6927
17,6927
17,6927
6,6927
11,6927
5,6927
18,6927
19,6927
0,6927
14,6927
11,6927
10,7006
13,6927
17,6927
14,6927
6,6927
18,6927
16,6927
16,6927
16,6927
19,6927
14,6927
16,6927
13,6927
4,6927
9,6927
1,6927
17,6927
17,6927
14,6927
1,6927
12,6927
14,6927
7,6927
6,6927
16,6927
15,6927
10,6927
16,6927
8,6927
10,6927
10,6927
15,6927
0,6927
3,6927
13,6927
19,6927
12,6927
7,6927
17,6927
14,6927
14,6927
7,6927
15,6927
10,6927
15,6927
12,6927
12,6927
9,6927
15,6927
11,6927
15,6927
4,6927
12,6927
19,6927
12,6927
9,6927
7,6927
0,6927
18,6927
4,6927
13,6927
8,6927
4,6927
17,6927
13,6927
16,6927
1,6927
13,6927
18,6927
1,6927
13,6927
9,6927
17,6927
2,6927
13,6927
16,6927
17,6927
10,6927
18,6927
18,6927
10,6927
3,6927
16,6927
17,6927
2,6927
8,6927
4,6927
12,6927
15,6927
3,6927
8,6927
15,6927
9,6927
15,6927
14,6927
10,6927
8,6927
14,6927
18,6927
7,6927
11,6927
5,6927
10,6927
17,6927
3,6927
10,6927
13,6927
15,6927
16,6927
7,6927
18,6927
17,6927
4,6927
11,6927
9,6927
13,6927
12,6927
5,6927
5,6927
7,7251
13,6927
20,6927
10,6927
9,6927
2,6927
14,7292
7,6927
12,6927
18,6927
9,6927
6,6927
12,6927
2,6927
14,6927
13,6927
8,6927
13,7533
2,6927
17,6927
17,6927
19,6927
15,6927
8,6927
7,7033
12,6927
3,6927
15,6927
11,6927
14,6927
9,6927
16,6927
13,6927
8,6927
17,6927
9,6927
2,6927
4,6927
19,6927
12,6927
18,6927
16,6927
8,6927
14,6927
15,6927
13,6927
2,6927
17,6927
2,6927
10,9390
14,6927
0,6927
14,6927
10,6927
4,6927
17,7294
14,6927
15,6927
13,6927
15,6927
10,6927
10,6927
14,6927
15,6927
15,6927
12,6927
2,6927
15,6927
17,6927
3,6927
5,6927
14,6927
2,6927
8,6927
0,6927
5,6927
7,6927
12,6927
16,6927
6,6927
6,6927
8,6927
4,6927
11,6927
16,6927
4,6927
15,6927
16,6927
7,6927
11,6927
14,6927
15,6927
15,6927
13,6927
18,6927
1,6927
17,6927
16,6927
12,6927
13,6927
3,6927
9,6927
1,6927
9,6927
11,6927
3,6927
7,6927
3,6927
13,6927
14,6927
13,6927
8,6927
16,6927
6,6927
11,6927
16,6927
17,6927
16,6927
3,6927
14,6927
11,6927
16,6927
1,6927
12,6927
6,6927
8,7237
17,6927
9,6927
15,6927
6,6927
10,6927
1,6927
6,6927
14,6927
13,6927
16,6927
9,7087
15,6927
18,6927
14,6927
19,6927
6,6927
15,6927
16,6927
11,7697
9,6927
14,6927
4,6927
14,6927
15,6927
10,6927
15,6927
13,6927
13,6927
16,6927
16,6927
4,6927
17,6927
9,6927
3,6927
9,6927
17,6927
7,6927
1,6927
17,6927
14,6927
16,6927
11,6927
17,6927
10,6927
15,7345
15,6927
14,6927
6,6927
13,6927
16,6927
6,6927
16,6927
16,6927
14,6927
10,7795
1,6927
13,6927
12,6927
15,6927
0,6927
16,6927
2,6927
19,6927
4,6927
14,6927
2,6927
11,6927
10,6927
6,6927
16,6927
14,6927
12,6927
2,6927
16,6927
12,6927
10,6927
4,6927
16,6927
13,6927
19,6927
17,6927
15,6927
15,6927
17,6927
0,6927
13,6927
9,6927
6,6927
13,6927
11,6927
13,6927
14,7095
16,6927
12,6927
5,6927
14,6927
15,6927
8,6927
13,6927
14,6927
9,6927
16,6927
10,6927
15,6927
15,6927
3,6927
13,6927
13,6927
15,6927
17,6927
13,7510
10,6927
2,6927
5,6927
10,6927
20,6927
2,6927
14,6927
12,6927
17,6927
18,6927
15,6927
8,6927
11,6927
11,6927
7,6927
2,6927
12,6927
14,6927
14,6927
16,6927
7,6927
13,6927
7,6927
15,6927
9,6927
15,6927
9,6927
4,6927
13,6927
15,6927
15,7069
2,6927
14,6927
12,6927
11,6927
15,6927
11,6927
17,6927
0,6927
16,6927
13,7415
3,6927
14,6927
1,6927
8,7381
15,6927
1,6927
7,6927
10,6927
8,6927
13,6927
4,6927
7,6927
15,6927
17,6927
10,6927
16,6927
17,6927
8,6927
18,6927
1,6927
14,6927
18,6927
0,6927
14,6927
10,6927
10,6927
7,6927
16,6927
13,6927
4,6927
17,6927
1,6927
16,6927
6,7094
13,6927
16,7015
3,6927
16,6927
14,6927
18,6927
1,6927
8,6927
2,6927
12,6927
6,6927
16,6927
14,6927
1,6927
15,6927
5,6927
13,6927
14,6927
15,6927
17,6927
9,6927
16,6927
1,6927
17,6927
4,6927
15,6927
11,7312
12,6927
15,6927
16,6927
3,6927
13,6927
9,6927
12,6927
3,6927
2,6927
12,6927
8,6927
17,6927
9,6927
13,6927
11,6927
15,6927
15,6927
6,6927
17,6927
16,6927
10,6927
7,6927
11,6927
12,6927
16,6927
1,6927
9,6927
15,6927
13,6927
2,6927
2,6927
5,6927
5,6927
5,6927
11,6927
10,6927
15,7101
6,6927
8,6927
16,6927
16,6927
17,6927
13,6927
17,6927
16,6927
4,6927
2,6927
18,6927
16,6927
3,6927
0,6927
7,6927
14,6927
15,6927
12,6927
12,6927
9,6927
9,6927
3,6927
17,7051
13,6927
6,6927
18,6927
15,7477
1,6927
11,6927
11,6927
16,7070
8,6927
13,6927
8,6927
4,6927
18,6927
4,6927
8,6927
13,6927
8,6927
10,6927
11,6927
17,6927
7,6927
16,6927
17,6927
19,6927
19,6927
14,6927
16,6927
2,6927
4,6927
5,6927
15,6927
1,6927
14,6927
13,6927
16,6927
10,6927
15,6927
12,6927
10,6927
8,6927
16,6927
15,6927
17,6927
12,6927
11,6927
2,6927
5,6927
1,6927
2,6927
9,6927
13,6927
14,6927
17,6927
10,6927
14,6927
8,6927
5,6927
15,6927
14,6927
12,6927
1,6927
11,6927
11,6927
4,6927
11,6927
18,6927
13,6927
0,6927
7,6927
14,6927
2,6927
15,6927
16,6927
10,6927
18,6927
6,6927
18,6927
16,7311
15,7813
16,6927
10,6927
14,6927
13,6927
13,6927
14,6927
5,6927
19,6927
15,6927
7,6927
12,6927
3,6927
0,6927
12,6927
5,6927
14,6927
17,6927
14,6927
12,6927
17,6927
16,8527
20,6927
10,6927
7,6927
2,6927
17,6927
15,6927
12,6927
18,6927
21,6927
13,6927
4,6927
15,6927
3,6927
12,6927
16,6927
7,6927
16,6927
8,6927
17,6927
16,6927
17,6927
15,6927
13,6927
18,6927
14,6927
8,6927
16,6927
3,6927
6,6927
13,6927
14,6927
12,6927
4,6927
3,6927
17,6927
1,6927
7,6927
8,6927
10,6927
13,6927
20,6927
17,6927
15,6927
3,6927
16,6927
7,6927
13,6927
12,6927
16,6927
2,6927
14,6927
0,6927
13,6927
12,6927
3,6927
10,6927
10,6927
14,6927
4,6927
15,6927
15,6927
8,6927
3,6927
8,6927
10,6927
17,6927
14,6927
4,6927
14,6927
18,6927
15,6927
15,6927
11,6927
14,6927
12,6927
7,6927
11,6927
12,6927
7,6927
1,6927
10,7600
2,6927
4,6927
6,6927
16,6927
11,6927
7,6927
13,6927
0,6927
18,6927
18,6927
15,6927
5,6927
17,6927
16,6927
2,6927
16,6927
14,6927
14,6927
17,6927
13,6927
6,6927
3,6927
16,6927
12,6927
17,6927
12,6927
3,6927
13,8379
12,6927
14,6927
4,6927
19,6927
15,6927
13,6927
11,6927
14,6927
2,6927
16,6927
6,6927
17,6927
3,6927
0,6927
5,6927
13,6927
17,6927
16,6927
3,6927
11,6927
6,6927
2,6927
17,6927
6,6927
14,6927
14,6927
13,6927
5,6927
9,6927
15,6927
16,6927
6,6927
2,6927
11,7001
15,6927
12,6927
18,6927
2,6927
8,6927
14,6927
9,6927
3,6927
6,6927
17,6927
8,6927
16,8502
15,6927
20,6927
15,6927
1,6927
12,6927
18,6927
9,6927
9,6927
15,7975
18,7213
0,6927
4,6927
7,6927
13,6927
17,6927
5,6927
0,6927
1,6927
7,6927
12,6927
16,6927
7,6927
5,6927
15,6927
15,6927
0,6927
21,6927
17,6927
11,6927
9,6927
6,6927
5,6927
16,6927
13,6927
17,6927
6,6927
19,6927
13,6927
14,6927
6,6927
19,6927
5,6927
12,6927
12,6927
15,6927
14,6927
5,6927
3,6927
12,6927
10,6927
18,6927
12,6927
11,6927
10,6927
15,6927
10,8092
15,6927
15,6927
11,6927
17,6927
1,6927
10,6927
15,6927
13,7131
7,6927
15,6927
4,6927
17,6927
4,6927
10,6927
15,6927
5,6927
8,6927
18,6927
9,6927
11,6927
17,6927
14,6927
1,6927
13,6927
13,6927
16,6927
16,6927
11,6927
17,6927
5,6938
5,6927
11,6927
15,6927
13,6927
14,6927
17,6927
15,6927
16,6927
1,6927
3,6927
11,6927
14,6927
13,6927
17,6927
4,6927
9,6927
8,6927
7,6927
15,6927
16,6927
17,7276
17,6927
9,6927
13,6927
2,6927
16,6927
18,6927
8,6927
16,6927
16,6927
9,6927
4,6927
16,6927
3,6927
5,7245
14,6927
8,6927
12,6927
15,7418
19,6927
1,6927
12,6927
1,6927
12,6927
0,6927
8,6927
17,6927
12,6927
14,6927
9,6927
0,6927
13,7351
12,6927
5,6927
12,6927
16,6927
10,6927
16,6927
21,6927
5,6927
6,6927
6,6927
5,6927
19,6927
0,6927
6,6927
14,6927
6,6927
3,6927
8,6927
17,6927
15,6927
6,6927
8,6927
14,7316
10,6927
15,6927
15,6927
5,6927
2,6927
14,6927
15,6927
0,6927
2,6927
3,6927
13,6927
15,6927
11,6927
16,6927
0,6927
18,6927
8,6927
3,6927
16,6927
15,6927
16,6927
18,6927
2,6927
16,6927
13,6927
7,6927
4,6927
10,6927
5,6927
11,6927
12,6927
8,6927
16,6927
8,6927
15,6927
14,6927
18,6927
12,6927
9,6927
4,6927
13,6927
0,6927
5,6927
14,6927
7,6927
17,6927
16,6927
1,6927
18,6927
14,6927
9,6927
13,6927
6,6927
5,6927
10,6927
17,6927
22,7567
12,6927
16,6927
16,6927
16,6927
19,6927
16,6927
9,6927
7,6927
16,6927
15,6927
18,6927
12,6927
14,6927
15,6927
10,6927
6,6927
9,6927
9,6927
17,6927
15,6927
15,6927
9,6927
16,6927
14,6927
14,7899
15,6927
2,6927
7,6927
12,6927
9,6927
16,6927
10,6927
10,6927
12,6927
9,6927
8,6927
5,6927
17,6927
4,6927
11,6927
16,6927
5,6927
15,6927
12,6927
9,6927
0,6927
3,6927
17,6927
18,6927
4,6927
12,6927
16,6927
16,6927
14,6927
13,6927
5,6927
16,6927
13,6927
10,6927
11,6927
18,6927
11,6927
16,6927
17,6927
16,6927
18,6927
1,6927
15,6927
5,6927
15,6927
6,6927
18,6927
17,6927
0,6927
16,6927
14,7132
8,6927
10,6927
5,6927
12,6927
16,6927
2,6927
18,6941
13,6927
16,6927
16,6927
2,6927
18,6927
11,6927
4,6927
14,6927
14,6927
18,6927
9,6927
14,6927
16,6927
16,6927
17,6927
6,6927
17,6927
13,6927
7,6927
13,6927
5,6927
7,6927
12,6927
2,6927
4,6927
3,6927
1,6927
8,6927
4,6927
14,6927
12,7689
8,6927
8,7311
1,6927
16,6927
13,6927
3,6927
17,6927
18,6927
17,6927
13,6927
19,6927
3,6927
9,6927
14,6927
16,6927
2,6927
8,6927
13,6927
13,6927
16,6927
1,6927
16,7490
16,6927
0,6927
15,6927
12,6927
5,6927
13,6927
13,6927
14,6927
9,6927
14,6927
15,6927
14,6927
1,6927
18,6927
13,6927
14,6927
17,6927
0,6927
16,6927
14,6927
16,6927
11,6927
12,6927
4,6927
4,6927
10,6927
12,6927
3,6927
10,6927
12,6927
15,6927
17,6927
17,6927
15,6927
16,6927
7,6927
14,6927
10,6927
14,6927
4,6927
7,6927
2,6927
14,6927
4,6927
0,6927
9,6927
2,6927
16,6927
7,6927
14,6927
15,6927
17,6927
16,6927
14,6927
14,6927
16,6927
14,6927
14,6927
12,6927
16,6927
3,6927
17,6927
10,6927
4,6927
13,6927
13,6927
18,6927
16,6927
17,6927
1,6927
13,6927
3,6927
2,6927
11,6927
14,6927
2,6927
0,6927
18,6927
12,6927
2,6927
11,6927
3,6927
1,6927
2,6927
5,6927
13,6927
17,6927
15,6927
14,6927
16,6927
1,6927
12,6927
13,6927
6,6927
13,6927
15,6927
18,6927
10,6927
14,6927
16,6927
13,6927
17,6927
13,6927
16,6927
5,6927
4,6927
20,6927
15,6927
4,6927
1,6927
10,6927
13,6927
12,6927
14,6927
10,6927
6,6927
5,6927
11,6927
16,6927
18,6927
3,6927
18,6927
7,6927
9,6927
1,6927
7,6958
16,6927
3,6927
13,6927
14,6927
4,6927
11,6927
16,6927
1,6927
19,6927
15,7169
17,6927
5,6927
16,6927
15,7756
0,6927
8,6927
13,6927
7,6927
12,6995
12,6927
16,6927
7,6927
9,6927
15,6927
3,6927
16,6927
18,6927
9,6927
6,6927
9,6927
3,6927
14,6927
1,6927
12,6927
4,6927
11,6927
13,6927
18,6927
15,6927
17,6927
12,6927
10,6927
12,7273
13,6927
10,6927
12,6927
19,6927
17,6927
16,7223
9,6927
15,6927
3,6927
15,6927
6,6927
15,7056
12,6927
17,7253
17,6927
5,6927
8,6927
13,6927
11,6927
6,6927
14,6927
1,6927
16,6927
8,6927
12,6927
8,6927
16,6927
14,6927
10,6927
14,6927
13,6927
12,6927
17,6927
12,6927
0,6927
14,6927
13,6927
13,6927
15,6927
1,6927
14,6927
16,6927
12,6927
13,6927
14,6927
13,6927
17,6927
16,6927
6,6927
16,6927
16,6927
14,6927
13,6927
7,6927
11,6927
2,6927
0,6927
13,6927
1,6927
11,6927
16,6927
9,6927
2,6927
9,6927
7,6927
14,6927
3,6927
13,6927
16,6927
13,6927
14,6927
12,6927
0,6927
1,6927
4,6927
9,6927
13,6927
9,6927
6,6927
16,6927
1,6927
4,6927
5,6927
16,6927
12,6927
15,6927
7,6927
17,6927
14,6927
16,6927
15,6927
7,6927
17,6927
1,6927
4,6927
4,6927
13,6927
17,6927
16,6927
17,6927
2,6927
5,6927
6,6927
13,6927
8,6927
0,6927
17,6927
15,6927
8,6927
15,6927
15,6927
17,6927
12,6927
3,6927
14,6927
6,6927
15,6927
6,6927
1,6927
13,6927
14,6927
2,6927
12,6927
13,6927
16,6927
19,6927
14,6927
14,6927
0,6927
17,6927
4,6927
9,6927
10,6927
11,6927
14,6927
9,6927
5,6927
9,6927
3,6927
15,6927
6,6927
14,6927
18,6927
2,6927
13,6927
16,6927
3,6927
13,6927
13,6927
5,6927
5,6927
5,6927
8,6927
7,6927
15,6927
17,6927
16,6927
17,6927
12,7223
0,6927
12,6927
14,6927
7,6927
16,6927
3,6927
15,6927
19,6927
11,6927
3,6927
4,6927
17,6927
15,6927
1,6927
17,6927
7,6927
0,6927
11,6927
12,6927
11,6927
11,6927
5,6927
5,6927
3,6927
13,6927
11,6927
1,6927
15,6927
14,6927
3,6927
6,6927
16,6927
13,6927
15,6927
5,6927
5,6927
15,6927
10,6927
10,6927
11,6927
16,6927
13,6927
14,6927
17,6927
8,7560
7,6927
15,6927
12,6936
2,6927
10,6927
14,6927
12,6927
12,6927
14,6927
17,6927
0,6927
10,6927
13,6927
15,6927
13,6927
15,6927
8,6927
16,6927
3,6927
16,6927
1,6927
15,6927
12,6927
7,6927
0,6927
18,6927
15,6927
17,6927
4,6927
13,6927
12,6927
7,6927
16,6927
15,6927
8,6927
16,6927
6,6927
18,6927
8,6927
14,6927
13,6927
3,6927
10,6927
16,6927
17,6927
2,6927
13,6927
18,6927
11,6927
15,6927
5,6927
7,6927
15,6927
17,6927
13,6927
18,6927
15,6927
14,6927
14,6927
16,6927
15,6927
0,6927
8,6927
10,6927
13,6927
5,6927
15,6927
15,6927
11,6927
8,6927
10,6927
13,6927
15,6927
13,6927
2,6927
12,6927
4,6927
9,6927
13,6927
4,6927
16,6927
15,6927
12,6927
6,6927
1,6927
3,6927
13,6927
14,6927
6,6927
12,8223
13,6927
17,6927
8,6927
7,6927
2,6927
13,6927
16,6927
5,6927
9,6927
10,6927
16,6927
8,6927
10,6927
15,6927
14,6927
1,6927
8,6927
16,6927
16,6927
13,6927
13,6927
5,6927
1,6927
12,6927
17,7211
3,6927
1,6927
17,6927
15,7107
15,6927
17,6927
12,6927
9,6927
16,6927
10,6927
11,6927
13,6927
2,6927
0,6927
17,6927
16,6927
10,6927
0,6927
12,6927
13,6927
8,6927
15,6927
18,6927
15,6927
2,6927
10,6927
14,6927
0,6927
13,6927
15,6927
16,7320
12,6927
5,6927
15,6927
12,6927
19,6927
17,6927
16,6927
15,6927
18,6927
12,6927
15,6927
9,6927
7,6927
11,6927
1,6927
11,6927
13,6927
13,6927
13,6927
17,6927
12,6927
18,6927
6,6927
15,6927
16,6927
0,6927
10,6927
15,6927
8,6927
9,6927
16,6927
13,6927
4,6927
1,6927
12,6927
11,6927
8,6927
17,6927
13,6927
15,6927
2,6927
1,6927
14,6927
5,6927
15,6927
9,6927
15,6949
0,6927
5,6927
14,6927
3,6927
3,6927
15,6927
10,6927
18,6927
9,7196
9,6927
2,6927
9,6927
7,6927
13,6927
1,6927
14,6927
16,6927
13,6927
14,6927
10,6927
17,6927
11,6927
5,6927
19,6927
14,6927
17,6927
10,6927
13,6927
12,6927
16,6927
1,6927
10,6927
5,6927
7,6927
1,6927
13,6927
12,6927
10,6927
14,6927
4,6927
19,6927
16,6927
10,6927
15,6927
18,6927
5,6927
14,6927
13,6927
1,6927
15,6927
13,6927
13,6927
4,6927
2,6927
16,6927
5,6927
6,6927
15,6927
12,6927
14,6927
16,6927
16,6927
7,6927
13,6927
4,6927
13,6927
3,6927
14,6927
13,7067
13,6927
15,6927
6,6927
17,6927
7,7152
17,6927
1,6927
15,6927
14,6927
17,6927
4,6927
9,6927
1,6927
2,6927
14,6927
16,6927
17,6927
11,6927
12,6927
15,6927
10,7677
16,6927
13,6927
17,6927
16,6927
11,6927
10,6927
14,6927
10,6927
12,6927
18,6927
3,6927
11,6927
11,6927
15,6927
16,6927
16,6927
5,6927
3,6927
1,6927
11,6927
5,6927
10,6927
17,6927
12,6927
11,6927
15,6927
12,6927
10,6927
17,7283
15,6927
11,7038
11,7124
16,6927
16,6927
12,6927
15,6927
8,6927
17,6927
6,6927
5,6927
11,6927
17,6927
13,6927
18,7435
14,6927
13,6927
13,6927
5,6927
17,6927
14,6927
16,6927
11,6927
12,6927
14,6927
17,6927
2,6927
10,6927
18,6927
16,7558
16,6927
0,6927
4,6927
16,6927
1,6927
2,6927
2,6927
14,6927
12,6927
16,6927
12,6927
15,6927
13,6927
14,6927
13,7748
14,6927
8,6927
15,6927
15,7235
15,6927
13,6927
6,6927
2,6927
4,6927
7,6927
14,6927
18,6927
12,6927
11,6927
18,6927
16,6927
17,6927
11,6927
8,6927
6,6927
4,6927
2,6927
19,6927
12,6927
11,6927
14,6927
10,6927
14,6927
19,6927
15,6927
4,6927
11,6927
5,6927
4,6927
9,6927
13,6927
16,6927
5,6927
15,6927
11,6927
15,6927
16,6927
14,6927
14,6927
16,6927
6,6927
16,6927
6,6927
14,6927
17,6927
15,6927
7,6927
8,6927
10,8100
11,6927
15,6927
17,6927
14,6927
1,6927
13,6927
15,6927
16,6927
7,6927
0,6927
16,6927
17,6927
11,6927
1,6927
10,7078
14,6927
8,6927
3,6927
19,6927
12,6927
10,6927
14,6927
1,6927
12,6927
14,6927
10,6927
2,6927
8,6927
5,6927
16,6927
10,6927
13,6927
13,6927
16,6927
4,6927
13,6927
13,6927
7,6927
2,6927
10,6927
1,6927
11,6927
12,6927
5,6927
11,6927
17,6927
10,6927
6,6927
18,6927
16,6927
9,6927
17,6927
16,6927
2,6927
1,6927
8,6927
11,6927
13,6927
1,6927
13,6927
2,6927
7,6927
1,6927
8,6927
7,6927
12,6927
11,6927
2,6927
1,6927
14,6927
15,6927
5,6927
4,7414
9,6927
5,6927
3,6927
15,6927
9,6927
6,6927
13,6927
8,6927
17,6927
13,6927
2,6927
1,6927
10,6927
15,6927
11,6927
12,6927
14,6927
4,6927
0,6927
16,6927
4,6927
14,6927
6,6927
14,6927
15,6927
13,6927
10,6927
18,6927
6,6927
11,6927
15,6927
15,7159
9,6927
8,6927
11,6927
4,6927
13,6927
16,6927
12,6927
3,6927
3,6927
15,6927
6,6927
9,6927
3,6927
11,6927
0,6927
14,6927
12,6927
15,6927
0,6927
16,6927
0,6927
13,6927
7,6927
13,6927
18,6927
15,6927
7,6927
6,6927
11,6927
9,6927
2,6927
9,6927
17,6927
16,6927
5,6927
12,8755
3,6927
3,6927
14,6927
14,6927
9,6927
5,6927
13,7332
12,6927
9,6927
7,6927
17,6927
20,6927
6,6927
3,6927
9,6927
17,6927
11,6927
0,6927
4,6927
14,6927
18,6927
10,6927
14,6927
10,6927
1,6927
16,6927
16,6927
9,6927
7,6927
18,6927
7,6927
10,6927
11,6927
1,6927
13,6927
17,6927
6,6927
2,6927
8,6927
16,6927
12,6927
3,6927
12,6927
18,6927
7,6927
13,6927
8,6927
0,6927
5,6927
13,6927
12,6927
17,6927
9,6927
16,6927
16,6927
14,6927
11,6927
14,6927
2,6927
7,6927
19,6927
16,6927
14,6927
15,6927
9,6927
17,6927
12,6927
1,6927
15,6927
14,6927
13,7207
10,6927
13,6927
13,6927
5,6927
3,6927
14,6927
11,6927
0,6927
3,6927
12,6927
5,6927
19,6927
7,6927
14,6927
9,6927
5,6927
14,6927
17,6927
17,6927
5,6927
12,6927
13,6927
13,6927
15,6927
12,6927
13,6927
16,6927
16,6927
12,6927
17,6927
16,6927
1,6927
11,6927
18,6927
1,6927
16,6927
16,6927
13,6927
15,6927
16,6927
2,6927
12,6927
15,6927
17,6927
20,6927
6,6927
6,6927
15,6927
16,6927
13,6927
6,6927
17,6927
17,6927
2,6927
14,6927
3,6927
12,6927
15,6927
10,6927
16,6927
3,6927
3,6927
13,6927
11,6927
18,6927
12,6927
15,6927
13,6927
14,6927
7,6927
13,6927
3,6927
1,6927
15,6927
9,6927
0,6927
16,6927
10,6927
12,6927
3,6927
13,6927
14,6927
17,6927
6,6927
2,6927
15,6927
20,6927
17,6927
10,6927
15,6927
14,6927
16,6927
11,6927
5,6927
3,6927
11,6927
15,6927
5,6927
14,6927
9,6927
10,6927
3,6927
13,6927
8,6927
2,6927
7,6927
6,6927
18,6927
3,6927
10,6927
14,6927
11,6927
7,6927
5,6927
13,6927
7,6927
15,6927
14,6927
15,6927
16,6927
15,6927
13,6927
6,6927
4,6927
14,8041
17,6927
13,6927
4,6927
15,7443
15,6927
14,6927
1,6927
12,6927
12,6927
18,6927
5,6927
15,6927
11,6927
2,6927
18,6927
15,6927
4,6927
7,6927
5,6927
6,6927
17,6927
15,6927
1,6927
6,6927
11,6927
16,6927
8,6927
14,6927
11,6927
10,6927
12,6927
9,6927
12,6927
9,6927
11,6927
15,6927
10,6927
9,6927
9,6927
8,6927
15,6927
8,6927
8,6927
15,6927
3,6927
12,6927
10,7120
2,6927
14,6927
18,6927
16,6927
3,6927
7,6927
7,6927
16,6927
4,6927
14,6927
9,6927
15,6927
11,6927
15,6927
20,6927
17,6927
1,6927
7,6927
2,6927
2,6927
18,6927
0,6927
9,6927
17,6927
17,6927
4,6927
3,6927
4,6927
18,6927
0,6927
6,6927
18,6927
16,6927
14,6927
6,6927
16,6927
4,6927
13,6927
16,6927
15,6927
6,6927
18,6927
1,6927
9,6927
19,6927
14,6927
14,6927
16,6927
7,6927
17,6927
18,6927
0,6927
8,6927
12,6927
19,6927
13,6927
6,6927
15,6927
16,6927
3,6927
14,6927
14,6927
3,6927
10,6927
14,6927
11,6927
14,6927
14,6927
10,6927
9,6927
8,6927
10,6927
17,6927
12,6927
9,6927
15,6927
14,6927
4,6927
17,6927
11,6927
15,6927
16,6927
12,6927
15,6927
15,6927
14,6927
3,6927
10,6927
5,6927
9,6927
5,6927
10,6927
14,6927
13,6927
11,6927
16,6927
13,6927
18,6927
12,6927
7,6927
17,6927
8,6927
15,6927
13,6927
17,6927
9,6927
18,6927
12,6927
3,6927
14,6927
17,6927
7,6927
15,6927
16,6927
9,6927
6,6927
15,8937
6,6927
16,6927
14,6927
8,6927
18,6927
7,6927
14,6927
15,6927
13,6927
12,6927
7,6927
17,6927
6,6927
0,6927
10,6927
15,6927
16,6927
17,7595
14,6927
5,6927
10,6927
11,6927
7,6927
2,6927
16,6927
16,6927
2,6927
11,6927
9,6927
11,6927
20,6927
2,6927
6,6927
8,6927
6,6927
9,6927
17,6927
1,6927
4,6927
17,6927
5,6927
0,6927
2,6927
4,6927
9,6927
11,6927
8,6927
5,6927
14,6927
9,6927
0,6927
12,6927
5,6927
4,6927
6,6927
13,6927
17,6927
5,6927
1,6927
10,6927
0,6927
9,6927
17,6927
13,6927
11,6927
7,6927
12,6927
3,6927
15,6927
14,6927
5,6927
1,6927
12,6927
14,7397
5,6927
12,6927
14,6927
16,6927
12,6927
10,7088
1,6927
2,6927
5,6927
13,6927
15,6927
18,6927
3,6927
4,6927
17,6927
11,6927
12,6927
15,6927
13,6927
7,6927
18,6927
16,6927
16,6927
0,6927
2,6927
8,6927
16,6927
16,6927
1,6927
10,7594
10,6927
10,6927
18,6927
5,6927
10,6927
1,6927
1,6927
15,6927
6,6927
17,6927
15,6927
13,6927
6,6927
12,6927
17,6927
14,6927
7,6927
17,6927
3,6927
16,6927
11,6927
1,6927
16,6927
16,6927
17,6927
15,6927
7,6927
19,6927
14,6927
3,6927
4,6927
11,6981
17,6927
7,6927
9,6927
5,6927
14,6927
13,6927
0,6927
11,6927
12,6927
13,6927
6,6927
14,6927
6,6927
1,6927
13,6927
17,6927
14,6927
7,6927
4,6927
7,6927
7,6927
14,6927
5,6927
9,6927
15,6927
20,6927
13,6927
3,6927
5,6927
17,6927
4,6927
14,7147
13,6927
15,7691
6,6927
11,6927
5,6927
1,6927
11,6927
17,6927
13,6927
18,6927
19,6927
10,6927
13,6927
4,6927
18,6927
1,6927
12,6927
18,6927
0,6927
12,6927
9,6927
4,6927
16,6927
15,6927
4,6927
1,6927
0,6927
3,6927
15,7030
3,6927
13,6927
11,6927
8,6927
2,6927
3,6927
14,6927
15,7801
1,6927
16,6927
12,6927
10,6927
16,6927
14,6927
1,6927
4,6927
17,6927
17,6927
7,7035
0,6927
16,6927
11,6927
1,6927
3,6927
17,6927
12,6927
15,6927
4,6927
2,6927
20,6927
8,6927
9,6927
3,6927
17,6927
11,6927
14,6927
12,6927
9,6927
17,6927
17,6927
15,6927
14,6927
0,6927
14,6927
15,6927
14,6927
15,6927
11,6927
15,6927
19,6927
5,6927
12,6927
16,6927
13,6927
2,6927
18,6927
9,6927
10,6927
11,6927
16,6927
8,6927
11,6927
13,6927
4,6927
16,6927
14,6927
6,6927
17,6927
17,6927
10,6927
16,6927
8,7341
8,6927
12,6927
10,6927
4,6927
4,6927
16,6927
1,6927
4,6927
17,6927
12,6927
11,6927
16,6927
0,6927
9,6927
2,6927
14,6927
0,6927
14,6927
7,6927
7,6927
12,6927
16,6927
15,6927
16,6927
14,6927
6,6927
17,6927
19,6927
7,6927
15,6927
13,6927
16,6927
4,6927
12,6927
10,6927
11,6927
15,6927
16,6927
20,6927
9,6927
17,6927
13,7098
16,7271
8,6927
11,6927
16,6927
15,6927
8,6927
7,6927
5,6927
17,7493
4,6927
17,6927
15,6927
17,6927
17,6927
2,6927
15,6927
18,6927
17,6927
7,6927
17,6927
5,6927
0,6927
15,6927
12,6927
15,6927
16,6927
12,6927
15,6927
2,6927
17,6927
10,6927
11,6927
17,6927
5,6927
20,6927
14,6927
1,6927
14,6927
16,6927
11,6927
18,7717
0,6927
4,6927
4,6927
17,6927
12,6927
17,6927
6,6927
4,6927
11,6927
17,7386
12,6927
7,6927
18,6927
12,6927
13,6927
20,6927
10,7679
19,6927
17,6927
17,6927
5,6927
3,6927
8,6927
2,6927
9,6927
15,6927
13,6927
15,6927
14,6927
9,6927
16,6927
15,6927
10,6927
6,6927
9,6927
9,6927
15,6927
14,6927
16,7020
6,6927
11,6927
9,6927
12,6927
7,6927
15,6927
7,6927
16,6927
7,6927
15,6927
9,6927
12,6927
7,6927
18,6927
12,6927
14,6927
16,6927
15,6927
10,6927
16,6927
14,6927
15,6927
5,6927
9,6927
10,6927
13,6927
5,6927
10,6927
12,6927
1,6927
11,6927
9,6927
14,6927
4,6927
8,6927
8,6927
12,6927
8,6927
12,6927
11,6927
8,6927
7,6927
14,6927
9,6927
7,6927
16,6927
15,6927
3,6927
12,6927
10,6927
7,6927
17,7152
17,6927
5,6927
16,6927
8,6927
0,6927
7,7223
13,6934
7,6927
14,6927
13,7108
14,6927
8,6927
3,6927
17,6927
10,7490
16,6927
14,6927
15,6957
6,6927
11,6927
14,6927
1,6927
15,6985
16,6927
6,6927
16,6927
18,6927
11,6927
18,6927
8,6927
15,6927
6,6927
10,6927
13,6927
13,6927
14,6927
18,6927
12,6927
19,6927
17,6927
16,6927
17,6927
14,6927
4,6927
15,6927
14,6927
7,6927
15,6927
11,6927
8,7699
14,6927
13,6927
13,6927
13,6927
17,6927
18,6927
6,6927
1,6927
19,6927
19,6927
2,6927
4,6927
12,6927
12,6927
6,6927
10,6927
2,6927
5,6927
17,6927
12,6927
17,6927
13,6927
15,6927
14,6927
15,6927
14,6927
17,6927
15,6927
4,6927
17,7375
16,6927
1,6927
14,6927
10,6927
11,6927
15,6985
17,6927
19,6927
16,7232
0,6927
0,6927
16,6927
11,6927
8,6927
3,6927
4,6927
6,6927
13,6927
17,7157
17,6927
1,6927
3,6927
16,6927
17,6927
2,6927
14,6927
16,6927
16,6927
17,6927
12,6927
17,6927
12,6927
14,8127
15,6927
14,6927
17,6927
15,6927
4,6927
11,6927
11,6927
16,6927
16,6927
13,7580
7,6927
8,6927
13,6927
18,6927
4,6927
13,6927
8,6927
0,6927
15,6927
9,6927
16,6927
13,7856
11,6927
4,6927
12,6927
17,6927
16,6927
14,7165
16,6927
12,6927
18,6927
15,6927
9,6927
6,6927
9,6927
7,6927
16,6927
14,6927
9,6927
10,6927
6,6927
4,6927
6,6927
15,6927
15,6927
8,6927
14,6927
16,6927
18,6927
12,6927
0,6927
16,6927
13,6927
4,6927
9,6927
6,6927
15,6927
9,6927
12,6927
17,6927
17,6927
9,6927
15,6927
13,6927
7,6927
10,6927
15,6927
2,6927
2,6927
5,6927
8,6927
9,6927
17,6927
11,6927
3,6927
3,6927
4,6927
1,6927
19,6927
9,6927
13,6927
12,6927
9,6927
5,6927
6,6927
4,6927
14,6927
16,6927
4,6927
9,6927
0,6927
14,6927
14,6927
2,6927
1,6927
12,6927
6,6927
0,6927
7,6927
2,6927
10,6927
18,6927
14,6927
9,6927
13,6927
0,6927
12,6959
18,6927
7,6927
2,6927
14,6927
4,6927
4,6927
1,6927
13,6927
10,6927
16,6927
15,6927
15,6927
8,6927
14,6927
12,6927
13,6927
7,6927
14,6927
8,6927
6,6927
9,6927
11,6927
4,6927
15,6927
4,6927
15,6927
11,6927
13,6927
12,6927
16,6927
2,6927
17,6927
9,6927
11,6927
16,6927
10,6927
11,6927
14,7015
18,6927
15,6927
15,6927
14,6927
9,6927
18,6927
15,6927
7,6927
18,6927
2,6927
15,6927
18,6927
4,6927
12,6927
11,6927
14,6927
14,6927
14,6927
16,6927
13,6927
7,6927
16,6927
15,6927
15,6927
0,6927
17,6927
7,6927
16,6927
16,6927
12,6927
17,6927
11,7264
2,6927
16,6927
18,6927
14,6927
5,6927
15,7240
10,6927
16,6927
10,6927
16,6927
3,6927
14,6927
4,6927
2,6927
14,6927
11,6927
12,6927
9,6927
16,6927
5,6927
14,6927
16,6927
8,6927
17,6927
5,6927
15,6927
4,6927
12,6927
17,6927
10,6927
13,6927
10,6927
12,6927
20,6927
2,6927
7,6927
16,6927
8,6927
10,6927
15,6927
17,6927
10,7739
16,6927
2,6927
14,6927
16,6927
13,6927
15,6927
12,6927
16,6927
13,6927
3,6927
8,6927
16,6927
11,6927
11,6927
16,6927
3,6927
15,6927
12,6927
1,6927
5,6927
7,6927
1,6927
7,6927
17,6961
9,6927
2,6927
14,6927
14,6927
0,6927
9,6927
8,6927
9,6927
6,6927
17,6927
4,6927
4,6927
13,6927
15,6927
16,6927
0,6927
15,6927
13,6927
11,6927
10,6927
12,6927
19,6927
16,6927
7,6927
1,6927
15,6927
17,6927
12,6927
9,6927
0,6927
9,6927
19,6927
12,6927
17,6927
4,6927
18,6927
15,6927
8,6927
10,6927
8,6927
3,6927
10,6927
15,6927
16,6927
15,6927
8,6927
12,6927
13,6927
15,6927
15,6927
12,6927
1,6927
14,6927
14,6927
6,6927
5,6927
6,6927
13,6927
17,6927
5,6927
17,6927
0,6927
15,6927
15,6927
4,6927
10,6927
12,6927
16,6927
1,6927
10,6927
12,6927
0,6927
8,6927
13,7401
14,6927
12,6927
12,6927
14,6927
12,6927
15,6927
0,6927
12,6927
9,6927
3,6927
13,6927
8,6927
13,6927
13,6927
5,6927
0,6927
10,6927
14,6927
13,6927
16,6927
6,6927
13,7526
3,6927
13,6927
1,6927
15,6927
13,6927
17,6927
9,6927
11,6927
18,6927
16,6927
13,6927
6,6927
16,6927
19,6927
10,7189
18,6927
14,6927
18,6927
11,6927
17,6927
15,6927
12,6927
5,6927
5,6927
8,6927
11,6927
17,6927
8,8331
11,7734
10,6927
14,6927
8,6927
7,6927
11,6927
10,8330
16,6927
7,6927
2,6927
14,6927
19,6927
10,6927
16,8350
15,6927
8,6927
11,6927
14,6927
3,6927
7,6927
8,6927
12,6927
10,6927
10,6927
13,6927
1,6927
18,6927
7,6927
10,6927
13,6927
10,6927
14,6927
2,6927
11,6927
15,6927
14,6927
7,6927
16,6927
4,6927
13,6927
5,6927
9,6927
17,6927
2,6927
12,6927
10,6927
15,6927
5,6927
6,6927
16,6927
8,6927
14,6927
16,6927
13,6927
8,6927
7,6927
0,6927
7,6927
13,6927
12,6927
12,7085
5,6927
15,6927
1,6927
2,6927
7,6927
15,6927
11,6927
8,6927
15,6927
15,6927
12,6927
14,6927
12,6927
11,6927
15,7107
4,6927
10,6927
13,6927
16,6927
12,6927
17,6927
2,6927
13,6927
10,6927
10,6927
16,6927
13,8625
11,6927
3,6927
6,6927
4,6927
16,6927
0,6927
12,6927
0,6927
15,6927
16,6927
16,6927
14,7129
18,6927
3,6927
13,6927
13,6927
11,6927
12,6927
2,6927
14,6927
5,6927
11,6927
10,6927
0,6927
17,6927
15,6927
2,6927
3,6927
0,6927
12,6927
6,6927
7,6927
0,6927
10,6927
11,6927
18,6927
15,6927
14,6927
9,6927
13,6927
15,6927
14,6927
11,6927
8,6927
11,6927
17,6927
5,6927
20,6927
5,6927
4,6927
15,6927
8,6927
15,6927
9,6927
9,6927
12,6927
11,6927
12,6927
15,6927
15,6927
17,6927
0,6927
12,6927
1,6927
1,6927
5,6927
16,6927
18,6927
6,6927
16,6927
14,6927
17,6927
9,6927
17,6927
15,6927
15,6927
15,6927
11,6927
2,6927
17,6927
17,6927
16,6927
15,6927
1,6927
18,6927
19,6927
12,6927
14,6927
6,9002
16,6927
1,6927
4,6927
12,6927
12,6927
10,6927
9,6927
3,6927
11,6927
13,6927
14,6927
15,6927
15,6927
6,6927
2,6927
14,6927
16,6927
10,6927
4,6927
5,6927
16,6927
16,6927
11,6927
1,6927
10,6927
15,6927
13,7384
10,6927
8,6927
13,6927
15,6927
14,6927
15,6927
16,6927
11,6927
5,6927
4,6927
9,6927
4,6927
11,6927
0,6927
11,6927
6,6927
11,6927
7,6927
15,6927
17,6927
6,6927
17,6927
15,6927
7,6927
17,6927
15,6927
3,6927
13,6927
3,6927
8,6927
4,6927
16,6927
13,6927
15,6927
12,6927
0,6927
20,6927
14,6927
8,6927
13,6927
11,6927
17,6927
7,6927
1,6927
14,6927
18,6927
14,6927
9,6927
0,6927
6,6927
9,6927
8,6927
14,6927
11,6927
18,6927
1,6927
6,6927
1,6927
15,6927
9,6927
8,6927
15,6927
3,6927
16,6927
9,6927
7,6927
4,6927
7,6927
14,6927
14,6927
14,6927
18,6927
7,6927
17,6927
8,6927
11,6927
12,6927
15,6927
10,6927
15,6927
12,6927
3,6927
0,6927
10,6927
12,6927
5,6927
12,6927
6,6927
9,6927
9,6927
0,6927
12,6927
17,6927
5,6927
13,6927
18,6927
11,6927
16,6927
9,6927
18,6927
0,6927
15,6927
2,6927
14,6927
16,6927
5,6927
13,6927
1,6927
15,6927
11,7660
15,6927
11,6927
2,6927
15,6927
5,6927
12,7132
3,6927
9,6927
14,6927
6,6927
4,6927
14,6927
13,6927
15,6927
12,6927
17,7479
13,6927
12,6927
9,6927
15,6927
9,6927
17,6927
8,6927
14,6927
14,6927
15,6927
15,6927
13,6927
16,6927
16,6927
4,6927
13,6927
12,6927
11,7968
14,6927
16,6927
10,6927
15,6927
15,6927
16,6927
15,6927
3,6927
18,6927
15,6927
20,6927
6,6927
3,6927
12,6927
12,6927
9,6975
13,8345
16,6927
4,6927
1,6927
9,6927
11,6927
14,6927
5,6927
7,6927
15,6927
7,6927
4,6927
13,7309
18,6927
0,6927
17,6927
8,6927
5,6927
6,6927
18,6927
3,6927
10,6927
11,6927
8,6927
5,6927
10,6927
7,6927
5,6927
17,6927
0,6927
17,6927
8,6927
3,6927
8,6927
5,6927
0,6927
16,6927
6,6927
14,6927
3,6927
9,6927
16,6927
5,6927
14,6976
17,6927
16,6927
17,6927
17,6927
9,6927
10,6927
18,6927
17,6927
12,6927
0,6927
16,6927
5,6927
17,6927
14,6927
4,6927
1,6927
13,6927
14,6927
12,6927
16,6927
14,6927
13,6927
2,6927
15,10978
10,6927
0,6927
13,6927
15,6927
18,6927
11,6927
12,6927
20,6927
12,6927
8,6927
4,6927
5,6927
8,6927
12,6927
8,6927
3,6927
9,6927
11,6927
12,6927
12,6927
18,6927
8,6927
18,6927
8,6927
3,6927
14,6927
7,6927
16,6927
5,6927
12,6927
1,6927
3,6927
16,6927
0,6927
11,6927
7,6927
13,6927
16,6927
2,6927
14,6989
16,6927
11,6927
18,6927
0,6927
16,6927
10,6927
2,6927
0,6927
13,6927
9,6927
9,6927
11,6927
18,6927
16,6927
17,6927
17,6927
10,6927
6,6927
12,6927
14,6927
16,6927
10,6927
13,6927
5,6927
13,6927
4,6927
4,6927
15,6927
15,6927
12,6927
15,6927
16,6927
16,6927
2,6927
17,6927
13,6927
9,6927
2,6927
14,6927
5,6927
15,6927
16,6927
13,6927
2,6927
5,6927
7,6927
0,6927
13,6927
13,6927
14,6927
17,6927
14,6927
5,6927
8,7625
1,6927
15,6927
2,6927
14,6927
19,6927
15,6927
16,6927
16,6927
14,6927
17,7993
17,6927
7,6927
0,6927
1,6927
15,6927
13,6927
15,6927
7,7084
15,6927
5,6927
14,6927
8,6927
17,6927
15,6927
18,6927
10,6927
4,6927
1,6927
16,6927
6,6927
18,6927
4,6927
1,6927
17,6927
11,6927
7,6927
6,6927
16,7157
0,6927
12,6927
0,6927
8,6927
11,6927
9,7005
12,6927
5,6927
5,6927
2,6927
11,6927
11,6927
11,9307
6,6927
15,6927
13,6927
17,6927
8,6927
14,6927
14,6927
16,6927
15,6927
6,6927
3,6927
13,6927
14,6927
6,6927
17,6927
16,6968
14,6927
11,6927
10,6927
15,6927
11,6927
14,6927
2,6927
9,7147
4,6927
8,6927
4,6927
6,6927
11,6927
11,6927
14,6927
18,6927
9,6927
9,6927
8,7227
10,6927
17,6927
5,6927
12,6927
16,7441
16,6927
15,6927
6,6927
13,6927
16,6927
2,6927
1,6927
12,6927
15,6927
16,6927
15,6927
17,6927
7,6927
8,6927
12,6927
14,6927
11,6927
14,6927
14,6927
13,6927
18,6927
3,6927
6,6927
18,6927
10,6927
14,6927
11,6927
4,7152
0,6927
18,6927
8,6927
18,6927
16,6927
8,6927
13,6927
13,6927
11,6927
9,6927
3,6927
7,6927
15,6927
16,7339
12,6927
13,6927
9,6927
12,6927
16,6949
12,7215
9,6927
0,6927
5,6927
8,6927
14,6927
16,6927
18,6927
13,6927
8,6927
17,6927
13,6927
3,6927
13,6927
13,6927
16,6927
7,6927
0,6927
12,6927
14,6927
10,6927
10,6927
17,6927
14,6927
15,7085
15,6927
2,6927
14,6927
15,6927
12,6927
5,6927
10,6927
13,6927
13,6927
14,6927
14,7018
8,6927
9,6927
9,6927
17,6927
6,6927
10,6927
0,6927
4,6927
13,6927
13,6927
16,6927
15,6927
6,6927
8,6927
9,6927
18,6927
8,6927
9,6927
8,6927
16,6927
15,6927
9,6927
14,6927
11,6927
14,6927
14,6927
9,6927
2,6927
15,6927
13,6927
13,6927
20,6927
6,6927
16,6927
11,6927
1,6927
14,6927
9,6927
9,6927
18,6927
10,6927
2,6927
13,6927
7,6927
8,6927
16,6927
14,6927
11,6927
11,6927
17,6927
12,6927
0,6927
15,6927
1,6927
11,6927
13,6927
6,6927
0,6927
14,7812
0,6927
17,6927
17,6927
17,6927
16,6927
14,6927
18,6927
5,6927
13,6927
13,7176
14,6927
14,6927
17,6927
13,6927
14,6927
16,6927
18,6927
11,7014
11,6927
7,6927
14,6927
16,6927
3,6927
0,6927
11,6927
18,6927
5,6927
16,6927
18,6927
1,6927
10,6927
8,6927
4,6927
6,6927
16,6927
19,6927
6,6927
6,6927
17,6927
7,6927
13,6927
15,6927
10,6927
12,6927
4,6927
5,6927
9,6927
4,6927
10,6927
14,6927
5,6927
17,6927
13,6927
6,6927
6,6927
10,6927
13,6927
10,6927
9,6927
1,6927
11,6927
14,7460
16,6927
12,6927
14,6927
6,6927
4,6927
17,6927
13,6927
12,7192
14,7447
17,6927
6,6927
7,6927
16,6927
13,6927
15,6927
13,6927
19,6927
17,6927
19,6927
15,6927
0,6927
16,6927
5,6927
17,6927
15,6927
19,6927
14,6927
11,6927
5,6927
17,6927
18,6927
12,6927
7,6927
6,7434
7,6927
6,6927
10,7690
11,6986
2,6927
9,6927
8,6927
1,6927
2,6927
18,6927
9,6927
15,6927
1,6927
11,6927
0,6927
2,6927
14,6927
2,6927
14,6927
16,6927
8,6927
9,6927
15,6927
16,6927
5,6927
18,6927
3,6927
7,6927
14,6927
12,6927
11,6927
2,6927
8,6927
10,6927
14,6927
11,7343
4,6927
14,6927
1,6927
1,6927
6,6927
8,6927
10,6927
5,6927
3,6927
8,6927
16,6927
13,7694
5,6927
11,7136
19,6927
13,6927
15,6927
3,6927
14,6927
9,6927
8,6927
18,6927
4,6927
17,6927
9,6927
15,6927
13,7071
14,6927
2,6927
14,6927
17,6927
1,6927
17,6927
14,6927
11,6927
16,6927
5,6927
10,6927
17,6927
2,6927
16,6927
14,6927
5,6927
10,7001
13,6927
1,6927
1,6927
16,6927
9,6927
10,6927
14,6927
11,6927
4,6927
15,8219
3,6927
6,6927
13,6927
12,6927
17,6927
7,6927
11,6927
14,6927
9,6927
5,6927
3,6927
0,6927
4,6927
17,6927
14,6927
11,6927
2,6927
18,6927
1,6927
10,6927
10,7288
13,6927
5,6927
12,6927
15,6927
7,6927
4,6927
11,6927
11,6927
9,6927
8,6927
12,6927
11,6927
12,6927
5,6927
7,6927
16,6927
11,6927
5,6927
9,6927
16,6927
16,6927
12,6927
17,7085
10,6927
13,6927
9,6927
14,6927
14,6927
12,6927
14,6927
13,6927
9,6927
10,6927
14,6927
10,6927
16,6927
4,6927
12,6927
17,6927
1,6927
17,6927
10,6927
13,6927
14,6927
8,6927
13,6927
14,6927
17,6927
2,6927
14,6927
18,6927
17,6927
6,6927
19,6927
8,6927
13,6927
5,6927
15,6927
0,6927
1,6927
13,6927
2,6927
10,6927
15,6927
15,7907
15,6927
15,6927
11,6927
14,6927
9,6927
2,6927
13,6927
2,6927
15,6927
18,6927
1,6927
4,6927
15,6927
17,6927
18,6927
12,6927
6,6927
11,6927
7,6927
6,6927
16,6927
6,6927
3,6927
14,6927
15,6927
14,6927
2,6927
15,6927
12,6927
8,6927
16,6927
8,6927
15,6927
15,6927
17,6927
1,6927
4,6927
7,6927
15,6927
9,6927
16,6927
6,6927
3,6927
13,6927
4,6927
18,6927
6,6927
16,6927
13,6927
15,6927
15,7359
17,7289
15,6927
8,6927
9,6927
1,6927
2,6927
19,6927
14,6927
9,6927
18,6927
17,6927
1,6927
15,6927
13,7063
16,6927
2,6927
14,7203
16,6927
12,6927
17,6927
14,6927
2,6927
11,6927
5,6927
14,6927
11,6927
7,6927
7,6927
12,6927
11,6927
8,6927
12,6927
17,6927
16,6927
17,6927
18,6927
16,6927
16,6927
9,6927
9,6927
15,6927
16,6927
11,6927
18,6927
0,6927
7,6927
2,6927
14,6927
2,6927
7,7122
16,6927
17,6927
16,6927
5,6927
13,6927
10,6927
14,6927
13,6927
16,6927
16,7386
14,6927
15,6927
11,6927
11,6927
3,6927
10,6927
8,6927
1,6927
5,6927
13,6927
13,6927
12,6927
17,6927
16,6927
2,6927
16,6927
15,6927
17,6927
2,6927
11,6927
2,6927
6,6927
16,7134
2,6927
17,6927
6,6927
7,6927
5,6927
13,6927
9,6927
7,6927
16,6927
1,6927
12,6927
10,6927
13,6927
1,6927
19,6927
8,6927
15,6927
16,6927
18,6927
15,6927
16,6927
15,6927
12,6927
17,6927
0,6927
7,6927
10,6927
15,6927
11,6927
12,6927
12,6927
15,6937
14,6927
2,6927
4,6927
15,6927
5,6927
6,6927
1,6927
12,6927
0,6927
5,6927
15,6927
0,6927
10,6927
4,6927
17,6927
0,6927
9,6927
10,6927
12,6927
15,6927
15,6927
7,6927
13,6927
15,6927
15,6927
17,6927
15,6927
17,6927
11,6927
13,6927
6,6927
16,6927
13,6927
17,6927
9,6927
1,6927
15,6927
14,6927
2,6927
12,6927
17,6927
11,6927
0,6927
17,6927
14,7154
7,6927
4,6927
3,6927
9,6927
16,6927
4,6927
12,6927
13,6927
8,7422
2,6927
5,6927
17,6927
2,6927
3,6927
14,6927
18,6927
14,6927
18,6927
19,6927
9,6927
3,6927
9,6927
14,6927
6,6927
13,6927
11,6927
0,6927
16,6927
9,6927
2,6927
0,6927
16,6927
4,6927
13,6927
13,6927
4,6927
16,6927
13,6927
2,6927
7,6927
8,6927
15,6927
10,6927
8,6927
7,6927
17,6927
13,6927
16,6927
4,6927
2,6927
14,6927
13,8947
18,6927
12,6927
14,6927
4,6927
2,6927
14,6927
16,6927
10,6927
11,6927
8,6992
10,6927
2,6927
12,6927
14,6927
8,6927
4,6927
11,6927
15,6927
0,6927
17,6927
10,6927
15,6927
5,6927
13,6927
7,6927
16,6927
1,6927
17,6927
10,6927
16,6927
14,6927
16,6927
9,6927
8,6927
18,6927
8,6927
17,6927
18,6927
17,6927
12,7202
12,6927
14,6927
17,6927
12,6927
14,6927
15,6927
18,6927
8,6927
1,6927
10,6927
5,6927
14,6927
7,6927
16,6927
1,6927
2,6927
0,6927
16,6927
2,6927
13,7357
9,6927
10,6927
8,6927
15,6927
4,6927
16,6927
15,6927
7,6927
11,6927
10,6927
13,6927
15,6927
13,6927
11,6927
6,6927
5,6927
15,6927
16,6927
14,6927
2,6927
3,6927
11,8248
8,6927
13,6927
13,6927
1,6927
2,6927
11,6927
6,6927
0,6927
15,6927
3,6927
0,6927
13,6927
7,6927
8,6927
15,6927
13,6927
11,6927
14,6927
2,6927
10,7067
8,6927
12,6927
1,6927
6,6927
14,6927
11,6927
1,6927
13,6927
2,6927
4,6927
12,7158
16,6927
10,6927
6,6927
10,6927
18,6927
4,6927
12,6927
14,6927
2,6927
16,6927
17,6927
14,6927
3,6927
8,6927
14,6927
17,6927
18,6927
6,6927
6,6927
10,6927
6,6927
15,6927
5,6927
9,6927
10,6927
19,6927
13,6927
17,6927
1,6927
11,6927
1,6927
14,6927
19,6927
10,6927
12,6927
14,6927
16,6927
8,6927
12,6927
5,6927
13,6927
15,6927
5,6927
8,6927
8,6927
14,6927
17,6927
14,6927
13,6927
0,6927
12,6927
16,6927
13,6927
16,6927
13,7343
4,6927
13,7380
1,6927
11,6927
